﻿<?xml version="1.0" encoding="utf-8"?>
<publishData>
  <publishProfile publishUrl="C:\2" deleteExistingFiles="False" ftpAnonymousLogin="False" ftpPassiveMode="True" msdeploySite="" msdeploySiteID="" msdeployRemoteSitePhysicalPath="" msdeployAllowUntrustedCertificate="False" msdeploySkipExtraFilesOnServer="True" msdeployMarkAsApp="False" profileName="Profile1" publishMethod="FileSystem" replaceMatchingFiles="True" userName="" savePWD="False" userPWD="" SelectedForPublish="True">
    <file relUrl="Views/Home/Index.aspx" publishTime="02/21/2013 10:43:16" />
    <file relUrl="Scripts/MicrosoftAjax.js" publishTime="02/12/2013 03:12:41" />
    <file relUrl="bin/FastReport.dll" publishTime="02/21/2013 04:39:14" />
    <file relUrl="Global.asax" publishTime="02/12/2013 03:12:43" />
    <file relUrl="Scripts/jquery.validate-vsdoc.js" publishTime="02/12/2013 03:12:41" />
    <file relUrl="bin/MvcDemo.pdb" publishTime="02/21/2013 10:43:22" />
    <file relUrl="bin/MvcDemo.dll" publishTime="02/21/2013 10:43:22" />
    <file relUrl="Scripts/MicrosoftMvcAjax.debug.js" publishTime="02/12/2013 03:12:41" />
    <file relUrl="Scripts/MicrosoftMvcValidation.debug.js" publishTime="02/12/2013 03:12:41" />
    <file relUrl="bin/FastReport.Web.pdb" publishTime="02/21/2013 10:43:18" />
    <file relUrl="Scripts/jquery.validate.min.js" publishTime="02/12/2013 03:12:41" />
    <file relUrl="Scripts/jquery-1.4.1.js" publishTime="02/12/2013 03:12:41" />
    <file relUrl="bin/FastReport.pdb" publishTime="02/21/2013 04:39:14" />
    <file relUrl="Scripts/jquery.validate.js" publishTime="02/12/2013 03:12:41" />
    <file relUrl="Scripts/jquery-1.4.1.min.js" publishTime="02/12/2013 03:12:41" />
    <file relUrl="Scripts/MicrosoftMvcAjax.js" publishTime="02/12/2013 03:12:41" />
    <file relUrl="bin/FastReport.Web.dll" publishTime="02/21/2013 10:43:18" />
    <file relUrl="Views/Shared/Site.Master" publishTime="02/21/2013 03:34:12" />
    <file relUrl="bin/FastReport.Web.xml" publishTime="02/21/2013 10:43:18" />
    <file relUrl="Views/Shared/Error.aspx" publishTime="02/12/2013 03:12:43" />
    <file relUrl="Web.config" publishTime="02/21/2013 11:00:21" />
    <file relUrl="Content/Site.css" publishTime="02/21/2013 04:35:34" />
    <file relUrl="bin/FastReport.xml" publishTime="02/21/2013 04:39:14" />
    <file relUrl="Scripts/MicrosoftAjax.debug.js" publishTime="02/12/2013 03:12:41" />
    <file relUrl="Scripts/MicrosoftMvcValidation.js" publishTime="02/12/2013 03:12:41" />
    <file relUrl="Views/Web.config" publishTime="02/12/2013 03:12:43" />
    <file relUrl="Scripts/jquery-1.4.1-vsdoc.js" publishTime="02/12/2013 03:12:41" />
  </publishProfile>
</publishData>